ibge_code,municipio,regiao_intermediaria,regiao_imediata,populacao_censo_2022,total_denuncias,total_penal,denuncias_unicas,denuncias_unicas_penal,sem_grupo_total,sem_grupo_penal,criancas_total,criancas_penal,mulheres_total,mulheres_penal,idosos_total,idosos_penal,pcd_total,pcd_penal,lgbt_total,lgbt_penal,prisional_total,prisional_penal,denuncias_unicas_maioria_penal,total_registros,total_social,taxa_total_10k,taxa_penal_10k,taxa_denuncias_unicas_10k,taxa_denuncias_maioria_penal_10k,taxa_criancas_10k,taxa_criancas_penal_10k,taxa_mulheres_10k,taxa_mulheres_penal_10k,taxa_idosos_10k,taxa_idosos_penal_10k,taxa_pcd_10k,taxa_pcd_penal_10k,taxa_lgbt_10k,taxa_lgbt_penal_10k,taxa_prisional_10k,taxa_prisional_penal_10k
4200051,Abdon Batista,Chapecó,Joaçaba - Herval d'Oeste,2598,183,138,22,21,1,0,19,14,11,11,152,114,33,20,0,0,0,0,21,183,45,704.39,531.18,84.68,80.83,73.13,53.89,42.34,42.34,585.07,438.8,127.02,76.98,0.0,0.0,0.0,0.0
4200101,Abelardo Luz,Chapecó,Xanxerê,17392,1348,861,161,154,32,22,657,419,12,12,553,349,385,258,0,0,3,1,121,1348,487,775.07,495.06,92.57,69.57,377.76,240.92,6.9,6.9,317.96,200.67,221.37,148.34,0.0,0.0,1.72,0.57
4200200,Agrolândia,Blumenau,Rio do Sul,10990,736,456,85,80,117,67,356,212,17,14,64,47,208,135,0,0,1,0,58,736,280,669.7,414.92,77.34,52.78,323.93,192.9,15.47,12.74,58.23,42.77,189.26,122.84,0.0,0.0,0.91,0.0
4200309,Agronômica,Blumenau,Rio do Sul,6055,508,317,60,58,68,51,311,170,9,6,24,15,125,94,0,0,3,2,37,508,191,838.98,523.53,99.09,61.11,513.63,280.76,14.86,9.91,39.64,24.77,206.44,155.24,0.0,0.0,4.95,3.3
4200408,Água Doce,Chapecó,Joaçaba - Herval d'Oeste,6508,762,447,93,88,15,6,404,229,31,23,276,173,75,49,0,0,3,2,57,762,315,1170.87,686.85,142.9,87.58,620.77,351.87,47.63,35.34,424.09,265.83,115.24,75.29,0.0,0.0,4.61,3.07
4200507,Águas de Chapecó,Chapecó,Chapecó,6036,342,207,52,51,10,6,175,108,1,1,156,93,23,18,0,0,0,0,28,342,135,566.6,342.94,86.15,46.39,289.93,178.93,1.66,1.66,258.45,154.08,38.1,29.82,0.0,0.0,0.0,0.0
4200556,Águas Frias,Chapecó,Chapecó,2839,170,89,27,24,29,13,85,46,0,0,56,30,8,5,0,0,0,0,9,170,81,598.8,313.49,95.1,31.7,299.4,162.03,0.0,0.0,197.25,105.67,28.18,17.61,0.0,0.0,0.0,0.0
4200606,Águas Mornas,Florianópolis,Florianópolis,6743,636,357,74,72,27,13,367,202,35,16,175,111,113,70,0,0,0,0,59,636,279,943.2,529.44,109.74,87.5,544.27,299.57,51.91,23.73,259.53,164.62,167.58,103.81,0.0,0.0,0.0,0.0
4200705,Alfredo Wagner,Florianópolis,Florianópolis,10481,1912,1153,261,247,85,66,915,502,22,16,771,487,457,302,22,10,12,5,140,1912,759,1824.25,1100.09,249.02,133.58,873.01,478.96,20.99,15.27,735.62,464.65,436.03,288.14,20.99,9.54,11.45,4.77
4200754,Alto Bela Vista,Chapecó,Concórdia,1856,170,128,24,24,16,10,28,22,20,20,87,63,42,34,0,0,0,0,20,170,42,915.95,689.66,129.31,107.76,150.86,118.53,107.76,107.76,468.75,339.44,226.29,183.19,0.0,0.0,0.0,0.0
4200804,Anchieta,Chapecó,São Miguel do Oeste,5943,233,134,32,30,9,4,93,49,5,4,126,78,42,24,0,0,0,0,16,233,99,392.06,225.48,53.84,26.92,156.49,82.45,8.41,6.73,212.01,131.25,70.67,40.38,0.0,0.0,0.0,0.0
4200903,Angelina,Florianópolis,Florianópolis,5358,389,229,69,68,33,20,248,139,5,3,95,63,23,13,0,0,0,0,45,389,160,726.02,427.4,128.78,83.99,462.86,259.43,9.33,5.6,177.3,117.58,42.93,24.26,0.0,0.0,0.0,0.0
4201000,Anita Garibaldi,Lages,Lages,8285,588,419,89,87,59,44,118,74,27,22,343,252,95,75,19,17,0,0,74,588,169,709.72,505.73,107.42,89.32,142.43,89.32,32.59,26.55,414.0,304.16,114.67,90.53,22.93,20.52,0.0,0.0
4201109,Anitápolis,Florianópolis,Florianópolis,3593,142,90,22,21,3,2,42,28,19,10,59,36,45,27,4,4,0,0,14,142,52,395.21,250.49,61.23,38.96,116.89,77.93,52.88,27.83,164.21,100.19,125.24,75.15,11.13,11.13,0.0,0.0
4201208,Antônio Carlos,Florianópolis,Florianópolis,11224,634,374,82,80,128,87,292,149,59,37,147,89,66,51,0,0,0,0,49,634,260,564.86,333.21,73.06,43.66,260.16,132.75,52.57,32.97,130.97,79.29,58.8,45.44,0.0,0.0,0.0,0.0
4201257,Apiúna,Blumenau,Blumenau,9811,1571,918,182,170,51,42,1192,646,22,17,270,178,146,110,7,3,1,0,118,1571,653,1601.26,935.68,185.51,120.27,1214.96,658.44,22.42,17.33,275.2,181.43,148.81,112.12,7.13,3.06,1.02,0.0
4201273,Arabutã,Chapecó,Concórdia,4378,236,156,24,23,12,8,114,74,2,2,92,62,38,29,0,0,0,0,21,236,80,539.06,356.33,54.82,47.97,260.39,169.03,4.57,4.57,210.14,141.62,86.8,66.24,0.0,0.0,0.0,0.0
4201307,Araquari,Joinville,Joinville,45283,4006,2268,623,587,181,113,2768,1545,133,86,833,475,398,222,117,66,4,4,340,4006,1738,884.66,500.85,137.58,75.08,611.27,341.19,29.37,18.99,183.95,104.9,87.89,49.03,25.84,14.58,0.88,0.88
4201406,Araranguá,Criciúma,Araranguá,71922,6561,4157,820,791,756,543,3033,1790,174,141,2050,1292,1086,725,153,101,108,97,585,6561,2404,912.24,577.99,114.01,81.34,421.71,248.88,24.19,19.6,285.03,179.64,151.0,100.8,21.27,14.04,15.02,13.49
4201505,Armazém,Criciúma,Tubarão,8834,331,173,53,51,1,1,264,131,13,9,52,33,25,14,0,0,0,0,24,331,158,374.69,195.83,60.0,27.17,298.85,148.29,14.72,10.19,58.86,37.36,28.3,15.85,0.0,0.0,0.0,0.0
4201604,Arroio Trinta,Caçador,Videira,3556,156,100,16,16,0,0,127,78,0,0,27,21,28,19,2,1,0,0,12,156,56,438.7,281.21,44.99,33.75,357.14,219.35,0.0,0.0,75.93,59.06,78.74,53.43,5.62,2.81,0.0,0.0
4201653,Arvoredo,Chapecó,Chapecó,2510,370,179,40,39,19,14,297,132,0,0,46,27,24,12,0,0,0,0,18,370,191,1474.1,713.15,159.36,71.71,1183.27,525.9,0.0,0.0,183.27,107.57,95.62,47.81,0.0,0.0,0.0,0.0
4201703,Ascurra,Blumenau,Blumenau,8319,1244,719,160,154,104,49,789,433,42,35,296,196,104,65,0,0,6,4,100,1244,525,1495.37,864.29,192.33,120.21,948.43,520.5,50.49,42.07,355.81,235.61,125.02,78.13,0.0,0.0,7.21,4.81
4201802,Atalanta,Blumenau,Rio do Sul,3227,214,137,35,35,1,1,92,61,7,4,120,75,17,11,0,0,0,0,26,214,77,663.15,424.54,108.46,80.57,285.09,189.03,21.69,12.4,371.86,232.41,52.68,34.09,0.0,0.0,0.0,0.0
4201901,Aurora,Blumenau,Rio do Sul,6780,403,220,56,53,30,15,262,142,27,20,96,53,43,29,0,0,0,0,29,403,183,594.4,324.48,82.6,42.77,386.43,209.44,39.82,29.5,141.59,78.17,63.42,42.77,0.0,0.0,0.0,0.0
4201950,Balneário Arroio do Silva,Criciúma,Araranguá,15820,1777,1091,207,195,49,34,822,498,75,53,790,483,364,230,12,5,0,0,141,1777,686,1123.26,689.63,130.85,89.13,519.6,314.79,47.41,33.5,499.37,305.31,230.09,145.39,7.59,3.16,0.0,0.0
4202057,Balneário Barra do Sul,Joinville,Joinville,14912,1612,1014,221,205,73,46,1024,587,50,35,393,299,279,208,36,26,4,1,147,1612,598,1081.01,679.99,148.2,98.58,686.7,393.64,33.53,23.47,263.55,200.51,187.1,139.48,24.14,17.44,2.68,0.67
4202008,Balneário Camboriú,Blumenau,Itajaí,139155,11384,7000,1610,1524,810,523,5974,3571,476,327,3388,2133,1668,1045,314,215,151,88,1024,11384,4384,818.08,503.04,115.7,73.59,429.31,256.62,34.21,23.5,243.47,153.28,119.87,75.1,22.56,15.45,10.85,6.32
4202073,Balneário Gaivota,Criciúma,Araranguá,15669,1974,1125,230,221,117,65,1207,660,66,45,499,300,479,286,0,0,0,0,126,1974,849,1259.81,717.98,146.79,80.41,770.31,421.21,42.12,28.72,318.46,191.46,305.7,182.53,0.0,0.0,0.0,0.0
4212809,Balneário Piçarras,Blumenau,Itajaí,27127,3476,2232,470,459,171,121,1935,1163,131,110,1044,678,582,405,69,49,49,46,332,3476,1244,1281.38,822.8,173.26,122.39,713.31,428.72,48.29,40.55,384.86,249.94,214.55,149.3,25.44,18.06,18.06,16.96
4220000,Balneário Rincão,Criciúma,Criciúma,15981,1211,733,172,163,75,55,853,489,25,22,242,156,212,117,62,34,0,0,106,1211,478,757.77,458.67,107.63,66.33,533.76,305.99,15.64,13.77,151.43,97.62,132.66,73.21,38.8,21.28,0.0,0.0
4202081,Bandeirante,Chapecó,São Miguel do Oeste,3144,164,106,29,26,2,0,79,44,12,7,71,55,20,14,0,0,0,0,19,164,58,521.63,337.15,92.24,60.43,251.27,139.95,38.17,22.26,225.83,174.94,63.61,44.53,0.0,0.0,0.0,0.0
4202099,Barra Bonita,Chapecó,São Miguel do Oeste,1668,485,379,81,75,11,6,312,242,121,103,39,26,37,31,42,32,0,0,72,485,106,2907.67,2272.18,485.61,431.65,1870.5,1450.84,725.42,617.51,233.81,155.88,221.82,185.85,251.8,191.85,0.0,0.0
4202107,Barra Velha,Blumenau,Itajaí,45369,4978,3064,678,641,370,236,2693,1519,254,182,1379,941,673,452,59,34,114,86,424,4978,1914,1097.22,675.35,149.44,93.46,593.58,334.81,55.99,40.12,303.95,207.41,148.34,99.63,13.0,7.49,25.13,18.96
4202131,Bela Vista do Toldo,Joinville,Mafra,5872,114,71,16,16,0,0,54,33,0,0,52,34,9,5,0,0,0,0,12,114,43,194.14,120.91,27.25,20.44,91.96,56.2,0.0,0.0,88.56,57.9,15.33,8.51,0.0,0.0,0.0,0.0
4202156,Belmonte,Chapecó,São Miguel do Oeste,2658,532,354,77,74,0,0,416,273,12,10,105,72,54,41,2,2,0,0,58,532,178,2001.5,1331.83,289.69,218.21,1565.09,1027.09,45.15,37.62,395.03,270.88,203.16,154.25,7.52,7.52,0.0,0.0
4202206,Benedito Novo,Blumenau,Blumenau,10520,690,420,94,89,15,12,232,120,63,44,367,232,138,101,0,0,0,0,66,690,270,655.89,399.24,89.35,62.74,220.53,114.07,59.89,41.83,348.86,220.53,131.18,96.01,0.0,0.0,0.0,0.0
4202305,Biguaçu,Florianópolis,Florianópolis,76773,8432,5078,1058,1006,473,321,4665,2591,281,192,2542,1682,1319,884,312,208,31,19,663,8432,3354,1098.3,661.43,137.81,86.36,607.64,337.49,36.6,25.01,331.11,219.09,171.81,115.14,40.64,27.09,4.04,2.47
4202404,Blumenau,Blumenau,Blumenau,361261,45917,28620,6495,6151,3036,1964,20909,12255,1560,1125,16355,10255,6859,4529,672,465,1929,1724,4134,45917,17297,1271.02,792.23,179.79,114.43,578.78,339.23,43.18,31.14,452.72,283.87,189.86,125.37,18.6,12.87,53.4,47.72
4202438,Bocaina do Sul,Lages,Lages,3515,1405,756,197,186,39,22,787,392,80,50,466,280,179,112,0,0,0,0,123,1405,649,3997.16,2150.78,560.46,349.93,2238.98,1115.22,227.6,142.25,1325.75,796.59,509.25,318.63,0.0,0.0,0.0,0.0
4202503,Bom Jardim da Serra,Lages,Lages,4026,399,247,60,55,31,15,289,180,17,12,38,22,20,16,9,6,0,0,37,399,152,991.06,613.51,149.03,91.9,717.83,447.09,42.23,29.81,94.39,54.64,49.68,39.74,22.35,14.9,0.0,0.0
4202537,Bom Jesus,Chapecó,Xanxerê,2777,551,308,72,65,24,11,253,148,0,0,264,146,138,81,0,0,2,2,37,551,243,1984.16,1109.11,259.27,133.24,911.06,532.95,0.0,0.0,950.67,525.75,496.94,291.68,0.0,0.0,7.2,7.2
4202578,Bom Jesus do Oeste,Chapecó,Maravilha,2187,19,13,2,2,1,1,8,3,0,0,9,8,1,1,1,1,0,0,2,19,6,86.88,59.44,9.14,9.14,36.58,13.72,0.0,0.0,41.15,36.58,4.57,4.57,4.57,4.57,0.0,0.0
4202602,Bom Retiro,Lages,Lages,8418,1120,636,172,168,28,19,870,501,70,42,184,99,56,27,1,0,0,0,85,1120,484,1330.48,755.52,204.32,100.97,1033.5,595.15,83.16,49.89,218.58,117.61,66.52,32.07,1.19,0.0,0.0,0.0
4202453,Bombinhas,Blumenau,Itajaí,25058,2339,1464,313,297,188,127,1237,732,112,69,534,334,423,292,281,206,2,2,205,2339,875,933.43,584.24,124.91,81.81,493.65,292.12,44.7,27.54,213.11,133.29,168.81,116.53,112.14,82.21,0.8,0.8
4202701,Botuverá,Blumenau,Brusque,5363,67,34,7,7,0,0,40,20,3,2,24,12,15,8,6,4,0,0,3,67,33,124.93,63.4,13.05,5.59,74.59,37.29,5.59,3.73,44.75,22.38,27.97,14.92,11.19,7.46,0.0,0.0
4202800,Braço do Norte,Criciúma,Tubarão,33773,2108,1305,281,258,78,54,1414,844,20,18,567,372,252,151,1,0,2,1,178,2108,803,624.17,386.4,83.2,52.7,418.68,249.9,5.92,5.33,167.89,110.15,74.62,44.71,0.3,0.0,0.59,0.3
4202859,Braço do Trombudo,Blumenau,Rio do Sul,4026,219,146,18,18,7,4,103,58,18,11,87,71,33,26,0,0,0,0,13,219,73,543.96,362.64,44.71,32.29,255.84,144.06,44.71,27.32,216.1,176.35,81.97,64.58,0.0,0.0,0.0,0.0
4202875,Brunópolis,Lages,Curitibanos,2489,159,97,23,22,2,0,50,26,7,5,55,27,58,48,0,0,0,0,13,159,62,638.81,389.71,92.41,52.23,200.88,104.46,28.12,20.09,220.97,108.48,233.03,192.85,0.0,0.0,0.0,0.0
4202909,Brusque,Blumenau,Brusque,141385,9453,5830,1298,1243,425,280,4394,2638,380,282,3794,2324,1678,1108,87,45,162,132,830,9453,3623,668.6,412.35,91.81,58.7,310.78,186.58,26.88,19.95,268.35,164.37,118.68,78.37,6.15,3.18,11.46,9.34
4203006,Caçador,Caçador,Caçador,73720,6377,3760,855,833,420,271,3141,1749,519,320,2119,1325,640,399,12,7,18,15,514,6377,2617,865.03,510.04,115.98,69.72,426.07,237.25,70.4,43.41,287.44,179.73,86.81,54.12,1.63,0.95,2.44,2.03
4203105,Caibi,Chapecó,Chapecó,6304,443,288,58,57,29,24,157,82,33,21,215,153,119,87,0,0,0,0,45,443,155,702.73,456.85,92.01,71.38,249.05,130.08,52.35,33.31,341.05,242.7,188.77,138.01,0.0,0.0,0.0,0.0
4203154,Calmon,Caçador,Caçador,3443,695,354,96,91,3,2,411,216,18,9,248,118,106,60,0,0,0,0,35,695,341,2018.59,1028.17,278.83,101.66,1193.73,627.36,52.28,26.14,720.3,342.72,307.87,174.27,0.0,0.0,0.0,0.0
4203204,Camboriú,Blumenau,Itajaí,103074,8609,5225,1198,1147,359,220,5547,3241,439,311,2139,1389,932,595,79,53,43,38,756,8609,3384,835.23,506.92,116.23,73.35,538.16,314.43,42.59,30.17,207.52,134.76,90.42,57.73,7.66,5.14,4.17,3.69
4203303,Campo Alegre,Joinville,São Bento do Sul - Rio Negrinho,12501,813,436,99,95,40,25,409,224,30,18,294,153,140,70,0,0,0,0,54,813,377,650.35,348.77,79.19,43.2,327.17,179.19,24.0,14.4,235.18,122.39,111.99,56.0,0.0,0.0,0.0,0.0
4203402,Campo Belo do Sul,Lages,Lages,7257,632,379,92,84,8,7,158,95,21,11,426,249,52,38,0,0,24,18,48,632,253,870.88,522.25,126.77,66.14,217.72,130.91,28.94,15.16,587.02,343.12,71.65,52.36,0.0,0.0,33.07,24.8
4203501,Campo Erê,Chapecó,São Lourenço do Oeste,9623,879,569,93,93,113,84,394,236,31,20,199,133,197,135,0,0,0,0,67,879,310,913.44,591.29,96.64,69.62,409.44,245.25,32.21,20.78,206.8,138.21,204.72,140.29,0.0,0.0,0.0,0.0
4203600,Campos Novos,Chapecó,Joaçaba - Herval d'Oeste,36932,2332,1417,315,296,148,79,1111,620,53,36,845,561,438,281,17,11,36,34,207,2332,915,631.43,383.68,85.29,56.05,300.82,167.88,14.35,9.75,228.8,151.9,118.6,76.09,4.6,2.98,9.75,9.21
4203709,Canelinha,Blumenau,Brusque,12821,968,578,112,107,26,18,451,236,13,6,400,258,212,140,58,45,0,0,65,968,390,755.01,450.82,87.36,50.7,351.77,184.07,10.14,4.68,311.99,201.23,165.35,109.2,45.24,35.1,0.0,0.0
4203808,Canoinhas,Joinville,Mafra,55016,3291,2190,388,371,109,62,1818,1228,77,54,1162,773,326,216,12,8,21,15,276,3291,1101,598.19,398.07,70.52,50.17,330.45,223.21,14.0,9.82,211.21,140.5,59.26,39.26,2.18,1.45,3.82,2.73
4203253,Capão Alto,Lages,Lages,2625,362,233,49,47,32,17,158,89,9,6,133,97,87,61,0,0,6,6,34,362,129,1379.05,887.62,186.67,129.52,601.9,339.05,34.29,22.86,506.67,369.52,331.43,232.38,0.0,0.0,22.86,22.86
4203907,Capinzal,Chapecó,Joaçaba - Herval d'Oeste,23314,2376,1504,314,304,198,118,1108,674,146,96,684,441,352,246,4,2,134,98,204,2376,872,1019.13,645.11,134.68,87.5,475.25,289.1,62.62,41.18,293.39,189.16,150.98,105.52,1.72,0.86,57.48,42.03
4203956,Capivari de Baixo,Criciúma,Tubarão,23975,2054,1215,263,257,69,41,803,469,89,61,1018,591,373,233,51,36,16,15,171,2054,839,856.73,506.78,109.7,71.32,334.93,195.62,37.12,25.44,424.61,246.51,155.58,97.18,21.27,15.02,6.67,6.26
4204004,Catanduvas,Chapecó,Joaçaba - Herval d'Oeste,10566,731,453,104,104,41,28,389,255,19,12,252,137,89,57,10,7,0,0,75,731,278,691.84,428.73,98.43,70.98,368.16,241.34,17.98,11.36,238.5,129.66,84.23,53.95,9.46,6.63,0.0,0.0
4204103,Caxambu do Sul,Chapecó,Chapecó,4614,216,131,27,27,2,2,145,78,0,0,68,50,32,20,0,0,0,0,22,216,85,468.14,283.92,58.52,47.68,314.26,169.05,0.0,0.0,147.38,108.37,69.35,43.35,0.0,0.0,0.0,0.0
4204152,Celso Ramos,Chapecó,Joaçaba - Herval d'Oeste,2805,101,79,14,14,12,12,35,27,6,4,27,17,27,23,0,0,0,0,14,101,22,360.07,281.64,49.91,49.91,124.78,96.26,21.39,14.26,96.26,60.61,96.26,82.0,0.0,0.0,0.0,0.0
4204178,Cerro Negro,Lages,Lages,3317,174,112,30,28,5,1,125,83,1,1,33,22,12,7,0,0,0,0,20,174,62,524.57,337.65,90.44,60.3,376.85,250.23,3.01,3.01,99.49,66.32,36.18,21.1,0.0,0.0,0.0,0.0
4204194,Chapadão do Lageado,Blumenau,Ituporanga,2950,132,68,15,14,13,11,57,28,1,1,61,28,32,16,0,0,0,0,8,132,64,447.46,230.51,50.85,27.12,193.22,94.92,3.39,3.39,206.78,94.92,108.47,54.24,0.0,0.0,0.0,0.0
4204202,Chapecó,Chapecó,Chapecó,254785,17267,10901,2332,2245,825,539,8812,5288,586,427,5434,3424,2204,1400,291,174,844,793,1582,17267,6366,677.71,427.85,91.53,62.09,345.86,207.55,23.0,16.76,213.28,134.39,86.5,54.95,11.42,6.83,33.13,31.12
4204251,Cocal do Sul,Criciúma,Criciúma,17240,1956,1104,302,282,72,46,1420,752,71,52,372,244,172,100,8,6,32,23,181,1956,852,1134.57,640.37,175.17,104.99,823.67,436.19,41.18,30.16,215.78,141.53,99.77,58.0,4.64,3.48,18.56,13.34
4204301,Concórdia,Chapecó,Concórdia,81646,7997,4914,1025,997,279,190,3158,1857,336,245,3983,2465,1045,710,85,51,50,43,670,7997,3083,979.47,601.87,125.54,82.06,386.79,227.45,41.15,30.01,487.84,301.91,127.99,86.96,10.41,6.25,6.12,5.27
4204350,Cordilheira Alta,Chapecó,Chapecó,4781,187,115,25,24,38,22,77,40,3,3,58,42,12,9,18,10,0,0,20,187,72,391.13,240.54,52.29,41.83,161.05,83.66,6.27,6.27,121.31,87.85,25.1,18.82,37.65,20.92,0.0,0.0
4204400,Coronel Freitas,Chapecó,Chapecó,10388,423,272,46,46,38,25,197,127,0,0,184,117,46,30,0,0,0,0,38,423,151,407.2,261.84,44.28,36.58,189.64,122.26,0.0,0.0,177.13,112.63,44.28,28.88,0.0,0.0,0.0,0.0
4204459,Coronel Martins,Chapecó,Xanxerê,2065,145,78,18,17,0,0,44,28,0,0,98,49,13,2,0,0,0,0,13,145,67,702.18,377.72,87.17,62.95,213.08,135.59,0.0,0.0,474.58,237.29,62.95,9.69,0.0,0.0,0.0,0.0
4204558,Correia Pinto,Lages,Lages,15727,705,385,82,76,41,27,383,201,38,30,136,74,144,77,0,0,19,12,51,705,320,448.27,244.8,52.14,32.43,243.53,127.81,24.16,19.08,86.48,47.05,91.56,48.96,0.0,0.0,12.08,7.63
4204509,Corupá,Joinville,Joinville,15267,1509,929,211,206,27,16,505,273,14,8,810,507,341,218,1,1,95,93,120,1509,580,988.41,608.5,138.21,78.6,330.78,178.82,9.17,5.24,530.56,332.09,223.36,142.79,0.66,0.66,62.23,60.92
4204608,Criciúma,Criciúma,Criciúma,214493,16791,10469,2208,2106,800,518,7670,4491,694,506,6005,3772,2822,1761,637,410,571,501,1414,16791,6322,782.82,488.08,102.94,65.92,357.59,209.38,32.36,23.59,279.96,175.86,131.57,82.1,29.7,19.11,26.62,23.36
4204707,Cunha Porã,Chapecó,Maravilha,10953,288,178,45,44,6,4,102,54,40,24,141,97,13,9,0,0,0,0,29,288,110,262.94,162.51,41.08,26.48,93.13,49.3,36.52,21.91,128.73,88.56,11.87,8.22,0.0,0.0,0.0,0.0
4204756,Cunhataí,Chapecó,Chapecó,1968,80,59,15,15,14,6,52,41,0,0,13,11,6,4,0,0,0,0,9,80,21,406.5,299.8,76.22,45.73,264.23,208.33,0.0,0.0,66.06,55.89,30.49,20.33,0.0,0.0,0.0,0.0
4204806,Curitibanos,Lages,Curitibanos,40045,3789,2325,483,459,279,178,1997,1164,156,119,1148,726,497,332,22,16,13,13,314,3789,1464,946.19,580.6,120.61,78.41,498.69,290.67,38.96,29.72,286.68,181.3,124.11,82.91,5.49,4.0,3.25,3.25
4204905,Descanso,Chapecó,São Miguel do Oeste,8530,200,129,33,33,46,33,51,37,0,0,80,43,37,28,0,0,0,0,23,200,71,234.47,151.23,38.69,26.96,59.79,43.38,0.0,0.0,93.79,50.41,43.38,32.83,0.0,0.0,0.0,0.0
4205001,Dionísio Cerqueira,Chapecó,São Miguel do Oeste,15008,314,186,46,42,14,9,222,127,1,1,75,49,32,20,1,1,0,0,27,314,128,209.22,123.93,30.65,17.99,147.92,84.62,0.67,0.67,49.97,32.65,21.32,13.33,0.67,0.67,0.0,0.0
4205100,Dona Emma,Blumenau,Ibirama - Presidente Getúlio,4221,368,224,39,38,7,4,291,174,5,5,54,33,66,46,0,0,0,0,23,368,144,871.83,530.68,92.4,54.49,689.41,412.22,11.85,11.85,127.93,78.18,156.36,108.98,0.0,0.0,0.0,0.0
4205159,Doutor Pedrinho,Blumenau,Blumenau,3637,133,92,22,20,9,4,73,56,15,12,29,19,10,4,0,0,0,0,19,133,41,365.69,252.96,60.49,52.24,200.71,153.97,41.24,32.99,79.74,52.24,27.5,11.0,0.0,0.0,0.0,0.0
4205175,Entre Rios,Chapecó,Xanxerê,3402,448,259,45,44,42,22,156,76,0,0,241,154,118,85,0,0,0,0,28,448,189,1316.87,761.32,132.28,82.3,458.55,223.4,0.0,0.0,708.41,452.67,346.85,249.85,0.0,0.0,0.0,0.0
4205191,Ermo,Criciúma,Araranguá,2269,171,99,19,18,12,10,85,45,15,13,57,29,50,33,0,0,0,0,12,171,72,753.64,436.32,83.74,52.89,374.61,198.33,66.11,57.29,251.21,127.81,220.36,145.44,0.0,0.0,0.0,0.0
4205209,Erval Velho,Chapecó,Joaçaba - Herval d'Oeste,4885,228,158,41,40,6,4,145,100,11,7,62,45,5,3,0,0,0,0,31,228,70,466.73,323.44,83.93,63.46,296.83,204.71,22.52,14.33,126.92,92.12,10.24,6.14,0.0,0.0,0.0,0.0
4205308,Faxinal dos Guedes,Chapecó,Xanxerê,11192,664,429,99,98,44,18,341,217,15,10,228,162,73,44,0,0,3,3,73,664,235,593.28,383.31,88.46,65.23,304.68,193.89,13.4,8.93,203.72,144.75,65.23,39.31,0.0,0.0,2.68,2.68
4205357,Flor do Sertão,Chapecó,São Miguel do Oeste,1783,303,215,59,59,3,2,213,156,59,42,28,15,16,14,2,1,0,0,49,303,88,1699.38,1205.83,330.9,274.82,1194.62,874.93,330.9,235.56,157.04,84.13,89.74,78.52,11.22,5.61,0.0,0.0
4205407,Florianópolis,Florianópolis,Florianópolis,537211,65562,42367,9426,8854,4996,3101,32694,19002,2507,1754,15567,10169,8159,5103,1986,1330,7110,6684,6036,65562,23195,1220.41,788.65,175.46,112.36,608.59,353.72,46.67,32.65,289.77,189.29,151.88,94.99,36.97,24.76,132.35,124.42
4205431,Formosa do Sul,Chapecó,Chapecó,2682,138,89,22,20,3,3,116,72,6,5,19,14,29,19,0,0,0,0,16,138,49,514.54,331.84,82.03,59.66,432.51,268.46,22.37,18.64,70.84,52.2,108.13,70.84,0.0,0.0,0.0,0.0
4205456,Forquilhinha,Criciúma,Criciúma,31431,1397,840,205,180,73,47,940,565,33,25,283,167,199,120,0,0,1,0,115,1397,557,444.47,267.25,65.22,36.59,299.07,179.76,10.5,7.95,90.04,53.13,63.31,38.18,0.0,0.0,0.32,0.0
4205506,Fraiburgo,Caçador,Videira,33481,2884,1803,442,425,176,96,1728,1085,83,61,850,534,235,152,0,0,10,7,309,2884,1081,861.38,538.51,132.02,92.29,516.11,324.06,24.79,18.22,253.88,159.49,70.19,45.4,0.0,0.0,2.99,2.09
4205555,Frei Rogério,Lages,Curitibanos,2411,18,12,4,3,3,3,9,7,0,0,6,2,4,3,0,0,0,0,2,18,6,74.66,49.77,16.59,8.3,37.33,29.03,0.0,0.0,24.89,8.3,16.59,12.44,0.0,0.0,0.0,0.0
4205605,Galvão,Chapecó,São Lourenço do Oeste,3210,195,120,27,25,6,2,88,52,1,1,100,65,57,44,0,0,0,0,14,195,75,607.48,373.83,84.11,43.61,274.14,161.99,3.12,3.12,311.53,202.49,177.57,137.07,0.0,0.0,0.0,0.0
4205704,Garopaba,Florianópolis,Florianópolis,29959,3800,2277,530,502,193,97,2154,1265,99,70,1104,703,611,356,133,86,2,1,339,3800,1523,1268.4,760.04,176.91,113.15,718.98,422.24,33.05,23.37,368.5,234.65,203.95,118.83,44.39,28.71,0.67,0.33
4205803,Garuva,Joinville,Joinville,18545,2140,1244,252,243,54,34,1361,764,70,49,564,333,237,170,40,25,9,6,160,2140,896,1153.95,670.8,135.89,86.28,733.89,411.97,37.75,26.42,304.13,179.56,127.8,91.67,21.57,13.48,4.85,3.24
4205902,Gaspar,Blumenau,Blumenau,72570,6042,3777,804,781,236,151,3389,2039,314,223,2031,1319,904,615,68,51,2,1,532,6042,2265,832.58,520.46,110.79,73.31,467.0,280.97,43.27,30.73,279.87,181.76,124.57,84.75,9.37,7.03,0.28,0.14
4206009,Governador Celso Ramos,Florianópolis,Florianópolis,16915,1561,919,209,197,74,49,974,526,72,50,433,281,207,139,7,7,1,0,136,1561,642,922.85,543.3,123.56,80.4,575.82,310.97,42.57,29.56,255.99,166.12,122.38,82.18,4.14,4.14,0.59,0.0
4206108,Grão-Pará,Criciúma,Tubarão,6277,450,360,71,62,19,12,233,198,0,0,189,142,51,44,1,1,192,192,53,450,90,716.9,573.52,113.11,84.44,371.2,315.44,0.0,0.0,301.1,226.22,81.25,70.1,1.59,1.59,305.88,305.88
4206207,Gravatal,Criciúma,Tubarão,12435,879,510,135,128,33,16,395,232,17,14,388,218,142,87,0,0,8,4,91,879,369,706.88,410.13,108.56,73.18,317.65,186.57,13.67,11.26,312.02,175.31,114.19,69.96,0.0,0.0,6.43,3.22
4206306,Guabiruba,Blumenau,Brusque,24543,1244,708,157,151,21,11,715,404,48,36,436,247,188,122,30,14,0,0,85,1244,536,506.87,288.47,63.97,34.63,291.33,164.61,19.56,14.67,177.65,100.64,76.6,49.71,12.22,5.7,0.0,0.0
4206405,Guaraciaba,Chapecó,São Miguel do Oeste,10796,279,140,31,31,20,6,87,39,8,5,142,86,45,12,0,0,0,0,17,279,139,258.43,129.68,28.71,15.75,80.59,36.12,7.41,4.63,131.53,79.66,41.68,11.12,0.0,0.0,0.0,0.0
4206504,Guaramirim,Joinville,Joinville,46711,2813,1681,384,364,206,130,1363,763,132,96,899,564,448,276,5,5,42,24,229,2813,1132,602.21,359.87,82.21,49.02,291.79,163.34,28.26,20.55,192.46,120.74,95.91,59.09,1.07,1.07,8.99,5.14
4206603,Guarujá do Sul,Chapecó,São Miguel do Oeste,4829,622,383,94,92,60,33,347,217,10,8,198,118,44,29,0,0,6,6,57,622,239,1288.05,793.12,194.66,118.04,718.58,449.37,20.71,16.57,410.02,244.36,91.12,60.05,0.0,0.0,12.42,12.42
4206652,Guatambú,Chapecó,Chapecó,8425,995,612,147,139,51,33,606,346,22,17,250,172,127,85,30,22,0,0,108,995,383,1181.01,726.41,174.48,128.19,719.29,410.68,26.11,20.18,296.74,204.15,150.74,100.89,35.61,26.11,0.0,0.0
4206702,Herval d'Oeste,Chapecó,Joaçaba - Herval d'Oeste,21724,882,525,110,110,56,39,470,268,35,19,271,168,89,57,31,15,0,0,68,882,357,406.0,241.67,50.64,31.3,216.35,123.37,16.11,8.75,124.75,77.33,40.97,26.24,14.27,6.9,0.0,0.0
4206751,Ibiam,Caçador,Videira,2008,34,24,8,8,0,0,26,19,4,3,2,1,6,5,0,0,0,0,8,34,10,169.32,119.52,39.84,39.84,129.48,94.62,19.92,14.94,9.96,4.98,29.88,24.9,0.0,0.0,0.0,0.0
4206801,Ibicaré,Chapecó,Joaçaba - Herval d'Oeste,3269,255,150,38,37,24,18,70,42,0,0,133,78,41,19,0,0,0,0,22,255,105,780.06,458.86,116.24,67.3,214.13,128.48,0.0,0.0,406.85,238.61,125.42,58.12,0.0,0.0,0.0,0.0
4206900,Ibirama,Blumenau,Ibirama - Presidente Getúlio,19862,1084,664,124,121,66,42,436,274,42,36,483,278,225,145,2,0,0,0,84,1084,420,545.77,334.31,62.43,42.29,219.51,137.95,21.15,18.13,243.18,139.97,113.28,73.0,1.01,0.0,0.0,0.0
4207007,Içara,Criciúma,Criciúma,59035,3788,2288,529,500,201,133,2039,1180,153,109,1313,826,389,249,35,25,16,5,339,3788,1500,641.65,387.57,89.61,57.42,345.39,199.88,25.92,18.46,222.41,139.92,65.89,42.18,5.93,4.23,2.71,0.85
4207106,Ilhota,Blumenau,Blumenau,17046,2348,1374,345,321,123,81,1569,886,61,44,585,362,239,140,2,0,0,0,229,2348,974,1377.45,806.05,202.39,134.34,920.45,519.77,35.79,25.81,343.19,212.37,140.21,82.13,1.17,0.0,0.0,0.0
4207205,Imaruí,Criciúma,Tubarão,11881,2746,1785,347,342,30,20,2156,1393,71,42,487,330,241,163,0,0,21,12,260,2746,961,2311.25,1502.4,292.06,218.84,1814.66,1172.46,59.76,35.35,409.9,277.75,202.84,137.19,0.0,0.0,17.68,10.1
4207304,Imbituba,Florianópolis,Florianópolis,52579,5441,3279,705,654,348,210,2613,1437,168,124,1888,1231,888,576,37,27,154,123,411,5441,2162,1034.82,623.63,134.08,78.17,496.97,273.3,31.95,23.58,359.08,234.12,168.89,109.55,7.04,5.14,29.29,23.39
4207403,Imbuia,Blumenau,Ituporanga,5982,562,366,86,83,27,23,203,122,14,12,319,213,31,20,13,8,0,0,57,562,196,939.49,611.84,143.76,95.29,339.35,203.95,23.4,20.06,533.27,356.07,51.82,33.43,21.73,13.37,0.0,0.0
4207502,Indaial,Blumenau,Blumenau,71549,4397,2666,648,598,142,91,2746,1614,146,104,1254,779,664,425,32,30,1,0,391,4397,1731,614.54,372.61,90.57,54.65,383.79,225.58,20.41,14.54,175.26,108.88,92.8,59.4,4.47,4.19,0.14,0.0
4207577,Iomerê,Caçador,Videira,2877,95,55,15,15,0,0,66,38,0,0,29,17,0,0,0,0,0,0,7,95,40,330.21,191.17,52.14,24.33,229.41,132.08,0.0,0.0,100.8,59.09,0.0,0.0,0.0,0.0,0.0,0.0
4207601,Ipira,Chapecó,Concórdia,4578,1096,681,152,150,37,24,755,475,48,32,198,118,145,90,0,0,0,0,122,1096,415,2394.06,1487.55,332.02,266.49,1649.19,1037.57,104.85,69.9,432.5,257.75,316.73,196.59,0.0,0.0,0.0,0.0
4207650,Iporã do Oeste,Chapecó,São Miguel do Oeste,9335,205,139,37,36,27,17,102,73,6,4,63,43,22,13,1,0,0,0,32,205,66,219.6,148.9,39.64,34.28,109.27,78.2,6.43,4.28,67.49,46.06,23.57,13.93,1.07,0.0,0.0,0.0
4207684,Ipuaçu,Chapecó,Xanxerê,7730,516,292,67,66,26,18,321,160,1,1,156,107,92,48,0,0,0,0,32,516,224,667.53,377.75,86.68,41.4,415.27,206.99,1.29,1.29,201.81,138.42,119.02,62.1,0.0,0.0,0.0,0.0
4207700,Ipumirim,Chapecó,Concórdia,7816,283,168,36,36,21,13,185,112,24,15,42,25,26,15,0,0,0,0,25,283,115,362.08,214.94,46.06,31.99,236.69,143.3,30.71,19.19,53.74,31.99,33.27,19.19,0.0,0.0,0.0,0.0
4207759,Iraceminha,Chapecó,Maravilha,3986,185,103,25,25,0,0,166,100,0,0,19,3,10,6,0,0,0,0,17,185,82,464.12,258.4,62.72,42.65,416.46,250.88,0.0,0.0,47.67,7.53,25.09,15.05,0.0,0.0,0.0,0.0
4207809,Irani,Chapecó,Concórdia,10195,683,397,75,75,10,8,372,226,31,21,246,131,130,69,0,0,1,1,54,683,286,669.94,389.41,73.57,52.97,364.88,221.68,30.41,20.6,241.29,128.49,127.51,67.68,0.0,0.0,0.98,0.98
4207858,Irati,Chapecó,Chapecó,2069,191,130,24,23,35,34,97,50,0,0,28,16,0,0,1,0,30,30,11,191,61,923.15,628.32,116.0,53.17,468.83,241.66,0.0,0.0,135.33,77.33,0.0,0.0,4.83,0.0,145.0,145.0
4207908,Irineópolis,Joinville,Mafra,10285,967,612,109,103,3,1,626,365,83,65,225,162,134,102,0,0,0,0,75,967,355,940.2,595.04,105.98,72.92,608.65,354.89,80.7,63.2,218.77,157.51,130.29,99.17,0.0,0.0,0.0,0.0
4208005,Itá,Chapecó,Concórdia,7067,1774,1079,238,229,69,43,1329,800,41,24,275,177,174,124,0,0,58,56,143,1774,695,2510.26,1526.81,336.78,202.35,1880.57,1132.02,58.02,33.96,389.13,250.46,246.21,175.46,0.0,0.0,82.07,79.24
4208104,Itaiópolis,Joinville,Mafra,22051,1514,905,173,161,44,28,925,501,49,31,418,290,134,97,22,16,12,7,122,1514,609,686.59,410.41,78.45,55.33,419.48,227.2,22.22,14.06,189.56,131.51,60.77,43.99,9.98,7.26,5.44,3.17
4208203,Itajaí,Blumenau,Itajaí,264054,26215,16097,3088,2942,1364,890,14675,8020,1071,768,6061,3855,3068,1965,495,335,2299,2150,2008,26215,10118,992.79,609.61,116.95,76.05,555.76,303.73,40.56,29.08,229.54,145.99,116.19,74.42,18.75,12.69,87.07,81.42
4208302,Itapema,Blumenau,Itajaí,75940,5843,3510,813,779,594,378,3312,1889,228,158,1411,909,792,480,81,51,60,47,539,5843,2333,769.42,462.21,107.06,70.98,436.13,248.75,30.02,20.81,185.8,119.7,104.29,63.21,10.67,6.72,7.9,6.19
4208401,Itapiranga,Chapecó,São Miguel do Oeste,16638,543,359,76,75,60,39,175,107,19,12,245,164,63,46,1,1,0,0,52,543,184,326.36,215.77,45.68,31.25,105.18,64.31,11.42,7.21,147.25,98.57,37.87,27.65,0.6,0.6,0.0,0.0
4208450,Itapoá,Joinville,Joinville,30750,1950,1207,277,269,166,116,1124,647,88,58,518,348,290,183,3,3,7,3,187,1950,743,634.15,392.52,90.08,60.81,365.53,210.41,28.62,18.86,168.46,113.17,94.31,59.51,0.98,0.98,2.28,0.98
4208500,Ituporanga,Blumenau,Ituporanga,26525,1974,1173,278,263,163,100,1274,710,102,66,345,238,342,208,7,5,1,1,190,1974,801,744.2,442.22,104.81,71.63,480.3,267.67,38.45,24.88,130.07,89.73,128.93,78.42,2.64,1.89,0.38,0.38
4208609,Jaborá,Chapecó,Joaçaba - Herval d'Oeste,4310,370,239,61,60,3,2,169,111,6,2,177,112,42,32,1,0,0,0,50,370,131,858.47,554.52,141.53,116.01,392.11,257.54,13.92,4.64,410.67,259.86,97.45,74.25,2.32,0.0,0.0,0.0
4208708,Jacinto Machado,Criciúma,Araranguá,10624,1123,589,173,160,113,54,668,361,41,19,260,130,234,124,0,0,0,0,80,1123,534,1057.04,554.41,162.84,75.3,628.77,339.8,38.59,17.88,244.73,122.36,220.26,116.72,0.0,0.0,0.0,0.0
4208807,Jaguaruna,Criciúma,Tubarão,20375,2176,1284,278,269,76,58,939,563,62,47,1010,562,355,206,14,12,6,5,175,2176,892,1067.98,630.18,136.44,85.89,460.86,276.32,30.43,23.07,495.71,275.83,174.23,101.1,6.87,5.89,2.94,2.45
4208906,Jaraguá do Sul,Joinville,Joinville,182660,15598,9298,2157,2051,1038,675,6953,3798,689,457,5850,3612,2773,1748,35,27,328,293,1330,15598,6300,853.94,509.03,118.09,72.81,380.65,207.93,37.72,25.02,320.27,197.74,151.81,95.7,1.92,1.48,17.96,16.04
4208955,Jardinópolis,Chapecó,Chapecó,1776,498,403,102,101,0,0,401,321,93,82,14,12,12,7,45,32,0,0,95,498,95,2804.05,2269.14,574.32,534.91,2257.88,1807.43,523.65,461.71,78.83,67.57,67.57,39.41,253.38,180.18,0.0,0.0
4209003,Joaçaba,Chapecó,Joaçaba - Herval d'Oeste,30146,2171,1378,307,288,87,64,1184,701,110,80,657,426,325,250,8,6,65,58,193,2171,793,720.16,457.11,101.84,64.02,392.76,232.53,36.49,26.54,217.94,141.31,107.81,82.93,2.65,1.99,21.56,19.24
4209102,Joinville,Joinville,Joinville,616317,54263,33349,7383,6989,3135,2082,27006,15984,1718,1203,18586,11545,7738,5032,1331,851,892,772,4666,54263,20914,880.44,541.1,119.79,75.71,438.18,259.35,27.88,19.52,301.57,187.32,125.55,81.65,21.6,13.81,14.47,12.53
4209151,José Boiteux,Blumenau,Ibirama - Presidente Getúlio,5985,446,236,69,69,121,21,191,135,20,15,117,68,20,13,0,0,0,0,33,446,210,745.2,394.32,115.29,55.14,319.13,225.56,33.42,25.06,195.49,113.62,33.42,21.72,0.0,0.0,0.0,0.0
4209177,Jupiá,Chapecó,São Lourenço do Oeste,2555,101,54,15,13,3,1,39,21,3,0,40,29,37,12,0,0,4,1,8,101,47,395.3,211.35,58.71,31.31,152.64,82.19,11.74,0.0,156.56,113.5,144.81,46.97,0.0,0.0,15.66,3.91
4209201,Lacerdópolis,Chapecó,Joaçaba - Herval d'Oeste,2248,80,47,10,9,11,7,57,28,6,6,11,11,1,1,0,0,0,0,5,80,33,355.87,209.07,44.48,22.24,253.56,124.56,26.69,26.69,48.93,48.93,4.45,4.45,0.0,0.0,0.0,0.0
4209300,Lages,Lages,Lages,164981,23772,14470,2950,2781,1228,755,9972,5660,1255,918,9443,5890,4507,2938,225,132,341,276,1852,23772,9302,1440.89,877.07,178.81,112.26,604.43,343.07,76.07,55.64,572.37,357.01,273.18,178.08,13.64,8.0,20.67,16.73
4209409,Laguna,Criciúma,Tubarão,42785,8138,4975,970,927,996,653,3197,1791,220,150,2763,1746,2006,1276,76,49,44,30,621,8138,3163,1902.07,1162.79,226.71,145.14,747.22,418.6,51.42,35.06,645.79,408.09,468.86,298.24,17.76,11.45,10.28,7.01
4209458,Lajeado Grande,Chapecó,Chapecó,1702,146,80,24,23,0,0,125,68,7,5,12,7,8,2,0,0,0,0,9,146,66,857.81,470.04,141.01,52.88,734.43,399.53,41.13,29.38,70.51,41.13,47.0,11.75,0.0,0.0,0.0,0.0
4209508,Laurentino,Blumenau,Rio do Sul,7932,586,327,66,63,15,10,246,135,19,13,273,145,140,85,40,28,3,3,41,586,259,738.78,412.25,83.21,51.69,310.14,170.2,23.95,16.39,344.18,182.8,176.5,107.16,50.43,35.3,3.78,3.78
4209607,Lauro Müller,Criciúma,Criciúma,14381,1136,675,126,124,44,28,597,323,13,10,443,286,85,58,10,8,1,0,82,1136,461,789.93,469.37,87.62,57.02,415.13,224.6,9.04,6.95,308.05,198.87,59.11,40.33,6.95,5.56,0.7,0.0
4209706,Lebon Régis,Caçador,Caçador,11472,1070,650,103,96,74,40,572,333,42,31,316,203,222,160,1,0,0,0,68,1070,420,932.71,566.6,89.78,59.27,498.61,290.27,36.61,27.02,275.45,176.95,193.51,139.47,0.87,0.0,0.0,0.0
4209805,Leoberto Leal,Blumenau,Ituporanga,3330,236,133,33,29,24,10,67,33,15,10,134,84,77,48,0,0,0,0,24,236,103,708.71,399.4,99.1,72.07,201.2,99.1,45.05,30.03,402.4,252.25,231.23,144.14,0.0,0.0,0.0,0.0
4209854,Lindóia do Sul,Chapecó,Concórdia,4549,395,285,61,58,2,2,166,113,69,54,146,109,61,50,0,0,0,0,49,395,110,868.32,626.51,134.1,107.72,364.92,248.41,151.68,118.71,320.95,239.61,134.1,109.91,0.0,0.0,0.0,0.0
4209904,Lontras,Blumenau,Rio do Sul,12873,2239,1355,302,279,94,48,1551,930,67,48,459,278,309,193,75,66,0,0,171,2239,884,1739.3,1052.59,234.6,132.84,1204.85,722.44,52.05,37.29,356.56,215.96,240.04,149.93,58.26,51.27,0.0,0.0
4210001,Luiz Alves,Blumenau,Itajaí,11684,835,535,122,117,34,18,595,384,47,31,120,81,74,38,0,0,1,0,88,835,300,714.65,457.89,104.42,75.32,509.24,328.65,40.23,26.53,102.7,69.33,63.33,32.52,0.0,0.0,0.86,0.0
4210035,Luzerna,Chapecó,Joaçaba - Herval d'Oeste,5794,784,473,102,100,30,15,202,121,15,11,483,289,152,108,6,6,1,0,64,784,311,1353.12,816.36,176.04,110.46,348.64,208.84,25.89,18.99,833.62,498.79,262.34,186.4,10.36,10.36,1.73,0.0
4210050,Macieira,Caçador,Caçador,1778,824,659,144,144,0,0,628,493,207,176,2,2,8,8,56,43,0,0,136,824,165,4634.42,3706.41,809.9,764.9,3532.06,2772.78,1164.23,989.88,11.25,11.25,44.99,44.99,314.96,241.84,0.0,0.0
4210100,Mafra,Joinville,Mafra,55286,4868,2930,588,567,290,136,2072,1288,181,127,2031,1219,774,481,12,11,203,129,350,4868,1938,880.51,529.97,106.36,63.31,374.78,232.97,32.74,22.97,367.36,220.49,140.0,87.0,2.17,1.99,36.72,23.33
4210209,Major Gercino,Blumenau,Brusque,3214,178,102,26,25,0,0,163,93,1,1,13,8,32,17,20,12,0,0,14,178,76,553.83,317.36,80.9,43.56,507.16,289.36,3.11,3.11,40.45,24.89,99.56,52.89,62.23,37.34,0.0,0.0
4210308,Major Vieira,Joinville,Mafra,7425,319,176,43,42,26,19,195,101,0,0,84,48,29,15,0,0,0,0,24,319,143,429.63,237.04,57.91,32.32,262.63,136.03,0.0,0.0,113.13,64.65,39.06,20.2,0.0,0.0,0.0,0.0
4210407,Maracajá,Criciúma,Araranguá,7815,1449,843,147,142,105,63,249,152,204,104,655,380,416,240,0,0,23,10,98,1449,606,1854.13,1078.69,188.1,125.4,318.62,194.5,261.04,133.08,838.13,486.24,532.31,307.1,0.0,0.0,29.43,12.8
4210506,Maravilha,Chapecó,Maravilha,28251,821,528,127,121,21,14,276,171,85,66,427,272,136,97,11,7,8,7,86,821,293,290.61,186.9,44.95,30.44,97.7,60.53,30.09,23.36,151.15,96.28,48.14,34.34,3.89,2.48,2.83,2.48
4210555,Marema,Chapecó,Chapecó,2184,53,30,9,9,0,0,9,6,2,2,42,22,0,0,0,0,0,0,6,53,23,242.67,137.36,41.21,27.47,41.21,27.47,9.16,9.16,192.31,100.73,0.0,0.0,0.0,0.0,0.0,0.0
4210605,Massaranduba,Joinville,Joinville,17162,1444,871,193,189,53,37,333,187,109,61,716,453,173,113,232,138,0,0,117,1444,573,841.39,507.52,112.46,68.17,194.03,108.96,63.51,35.54,417.2,263.96,100.8,65.84,135.18,80.41,0.0,0.0
4210704,Matos Costa,Caçador,Caçador,2761,194,118,29,26,4,3,141,84,28,22,17,7,31,19,0,0,0,0,18,194,76,702.64,427.38,105.03,65.19,510.68,304.24,101.41,79.68,61.57,25.35,112.28,68.82,0.0,0.0,0.0,0.0
4210803,Meleiro,Criciúma,Araranguá,7006,261,158,38,35,23,12,114,65,1,1,107,71,53,34,0,0,2,0,28,261,103,372.54,225.52,54.24,39.97,162.72,92.78,1.43,1.43,152.73,101.34,75.65,48.53,0.0,0.0,2.85,0.0
4210852,Mirim Doce,Blumenau,Rio do Sul,2511,283,154,46,46,23,14,106,74,6,6,154,66,25,12,0,0,0,0,22,283,129,1127.04,613.3,183.19,87.61,422.14,294.7,23.89,23.89,613.3,262.84,99.56,47.79,0.0,0.0,0.0,0.0
4210902,Modelo,Chapecó,Chapecó,4080,155,105,18,18,16,12,75,45,5,5,32,22,51,39,0,0,0,0,17,155,50,379.9,257.35,44.12,41.67,183.82,110.29,12.25,12.25,78.43,53.92,125.0,95.59,0.0,0.0,0.0,0.0
4211009,Mondaí,Chapecó,Chapecó,10066,407,270,50,50,15,12,77,48,8,6,276,191,122,80,0,0,0,0,42,407,137,404.33,268.23,49.67,41.72,76.5,47.69,7.95,5.96,274.19,189.75,121.2,79.48,0.0,0.0,0.0,0.0
4211058,Monte Carlo,Caçador,Videira,9117,592,375,95,88,42,27,377,241,27,18,129,78,85,64,0,0,0,0,56,592,217,649.34,411.32,104.2,61.42,413.51,264.34,29.62,19.74,141.49,85.55,93.23,70.2,0.0,0.0,0.0,0.0
4211108,Monte Castelo,Joinville,Mafra,7736,677,390,117,95,63,33,258,141,18,12,323,197,56,28,8,4,1,0,52,677,287,875.13,504.14,151.24,67.22,333.51,182.26,23.27,15.51,417.53,254.65,72.39,36.19,10.34,5.17,1.29,0.0
4211207,Morro da Fumaça,Criciúma,Criciúma,18537,1406,811,187,183,106,71,979,555,32,17,255,154,171,107,3,2,1,0,114,1406,595,758.48,437.5,100.88,61.5,528.13,299.4,17.26,9.17,137.56,83.08,92.25,57.72,1.62,1.08,0.54,0.0
4211256,Morro Grande,Criciúma,Criciúma,3010,358,281,40,35,8,6,135,81,88,83,56,41,121,109,0,0,0,0,26,358,77,1189.37,933.55,132.89,86.38,448.5,269.1,292.36,275.75,186.05,136.21,401.99,362.13,0.0,0.0,0.0,0.0
4211306,Navegantes,Blumenau,Itajaí,86401,9679,5508,1249,1178,610,322,5310,2891,452,312,2948,1776,1343,820,140,94,76,24,748,9679,4171,1120.24,637.49,144.56,86.57,614.58,334.6,52.31,36.11,341.2,205.55,155.44,94.91,16.2,10.88,8.8,2.78
4211405,Nova Erechim,Chapecó,Chapecó,5155,294,197,41,40,33,21,103,69,36,32,100,63,65,46,0,0,0,0,32,294,97,570.32,382.15,79.53,62.08,199.81,133.85,69.84,62.08,193.99,122.21,126.09,89.23,0.0,0.0,0.0,0.0
4211454,Nova Itaberaba,Chapecó,Chapecó,4536,280,131,32,32,14,1,229,108,4,2,33,20,50,17,0,0,3,2,13,280,149,617.28,288.8,70.55,28.66,504.85,238.1,8.82,4.41,72.75,44.09,110.23,37.48,0.0,0.0,6.61,4.41
4211504,Nova Trento,Blumenau,Brusque,13727,959,610,132,128,156,106,422,253,63,42,199,130,148,89,104,71,0,0,81,959,349,698.62,444.38,96.16,59.01,307.42,184.31,45.89,30.6,144.97,94.7,107.82,64.84,75.76,51.72,0.0,0.0
4211603,Nova Veneza,Criciúma,Criciúma,13664,449,288,55,55,26,13,329,202,9,6,77,61,32,27,144,90,0,0,41,449,161,328.6,210.77,40.25,30.01,240.78,147.83,6.59,4.39,56.35,44.64,23.42,19.76,105.39,65.87,0.0,0.0
4211652,Novo Horizonte,Chapecó,São Lourenço do Oeste,2643,120,60,19,19,3,3,92,37,3,1,15,12,2,1,7,7,0,0,9,120,60,454.03,227.01,71.89,34.05,348.09,139.99,11.35,3.78,56.75,45.4,7.57,3.78,26.49,26.49,0.0,0.0
4211702,Orleans,Criciúma,Criciúma,23661,1272,763,150,134,47,30,653,352,101,87,451,282,218,152,63,7,0,0,106,1272,509,537.59,322.47,63.4,44.8,275.98,148.77,42.69,36.77,190.61,119.18,92.13,64.24,26.63,2.96,0.0,0.0
4211751,Otacílio Costa,Lages,Lages,17312,1473,882,195,185,54,26,852,508,6,4,536,325,310,200,0,0,0,0,119,1473,591,850.85,509.47,112.64,68.74,492.14,293.44,3.47,2.31,309.61,187.73,179.07,115.53,0.0,0.0,0.0,0.0
4211801,Ouro,Chapecó,Joaçaba - Herval d'Oeste,7032,562,325,81,76,4,3,283,152,24,24,250,148,41,23,0,0,2,1,45,562,237,799.2,462.17,115.19,63.99,402.45,216.15,34.13,34.13,355.52,210.47,58.3,32.71,0.0,0.0,2.84,1.42
4211850,Ouro Verde,Chapecó,Xanxerê,2181,67,41,9,7,4,1,19,5,1,1,44,35,0,0,0,0,0,0,6,67,26,307.2,187.99,41.27,27.51,87.12,22.93,4.59,4.59,201.74,160.48,0.0,0.0,0.0,0.0,0.0,0.0
4211876,Paial,Chapecó,Chapecó,1927,149,95,26,25,4,0,102,67,3,3,28,15,21,16,0,0,0,0,15,149,54,773.22,492.99,134.92,77.84,529.32,347.69,15.57,15.57,145.3,77.84,108.98,83.03,0.0,0.0,0.0,0.0
4211892,Painel,Lages,Lages,2215,858,526,110,104,36,24,503,298,4,2,313,200,136,91,0,0,0,0,76,858,332,3873.59,2374.72,496.61,343.12,2270.88,1345.37,18.06,9.03,1413.09,902.93,614.0,410.84,0.0,0.0,0.0,0.0
4211900,Palhoça,Florianópolis,Florianópolis,222598,26732,15806,3697,3497,1251,796,16331,9357,867,626,6975,4202,3771,2342,617,401,423,330,2279,26732,10926,1200.91,710.07,166.08,102.38,733.65,420.35,38.95,28.12,313.35,188.77,169.41,105.21,27.72,18.01,19.0,14.82
4212007,Palma Sola,Chapecó,São Miguel do Oeste,7605,516,351,84,82,14,7,326,219,25,22,145,98,36,33,0,0,0,0,70,516,165,678.5,461.54,110.45,92.04,428.67,287.97,32.87,28.93,190.66,128.86,47.34,43.39,0.0,0.0,0.0,0.0
4212056,Palmeira,Lages,Lages,2561,274,162,36,36,3,1,56,34,0,0,204,121,19,12,0,0,0,0,30,274,112,1069.89,632.57,140.57,117.14,218.66,132.76,0.0,0.0,796.56,472.47,74.19,46.86,0.0,0.0,0.0,0.0
4212106,Palmitos,Chapecó,Chapecó,15626,734,410,101,100,41,26,342,171,20,15,333,204,96,59,2,1,0,0,55,734,324,469.73,262.38,64.64,35.2,218.87,109.43,12.8,9.6,213.11,130.55,61.44,37.76,1.28,0.64,0.0,0.0
4212205,Papanduva,Joinville,Mafra,19150,1172,661,138,127,86,43,551,305,13,11,473,283,143,84,0,0,4,2,85,1172,511,612.01,345.17,72.06,44.39,287.73,159.27,6.79,5.74,247.0,147.78,74.67,43.86,0.0,0.0,2.09,1.04
4212239,Paraíso,Chapecó,São Miguel do Oeste,4267,351,235,53,52,29,18,268,185,2,2,51,30,32,19,0,0,0,0,40,351,116,822.59,550.74,124.21,93.74,628.08,433.56,4.69,4.69,119.52,70.31,74.99,44.53,0.0,0.0,0.0,0.0
4212254,Passo de Torres,Criciúma,Araranguá,12897,1392,875,217,206,45,27,760,464,73,43,414,276,248,166,0,0,0,0,138,1392,517,1079.32,678.45,168.26,107.0,589.28,359.77,56.6,33.34,321.0,214.0,192.29,128.71,0.0,0.0,0.0,0.0
4212270,Passos Maia,Chapecó,Xanxerê,4034,189,122,32,30,13,10,154,99,4,2,14,9,6,3,0,0,0,0,20,189,67,468.52,302.43,79.33,49.58,381.76,245.41,9.92,4.96,34.71,22.31,14.87,7.44,0.0,0.0,0.0,0.0
4212304,Paulo Lopes,Florianópolis,Florianópolis,9063,884,533,138,132,54,36,434,247,69,42,344,220,125,79,0,0,10,9,88,884,351,975.39,588.11,152.27,97.1,478.87,272.54,76.13,46.34,379.57,242.75,137.92,87.17,0.0,0.0,11.03,9.93
4212403,Pedras Grandes,Criciúma,Tubarão,4245,364,208,68,67,38,22,134,69,16,13,119,74,68,40,29,17,0,0,35,364,156,857.48,489.99,160.19,82.45,315.67,162.54,37.69,30.62,280.33,174.32,160.19,94.23,68.32,40.05,0.0,0.0
4212502,Penha,Blumenau,Itajaí,33663,4578,2756,641,610,339,211,2661,1539,209,144,1212,790,646,404,137,100,30,22,358,4578,1822,1359.95,818.7,190.42,106.35,790.48,457.18,62.09,42.78,360.04,234.68,191.9,120.01,40.7,29.71,8.91,6.54
4212601,Peritiba,Chapecó,Concórdia,2992,379,214,50,49,4,4,224,136,0,0,121,60,28,14,24,14,0,0,25,379,165,1266.71,715.24,167.11,83.56,748.66,454.55,0.0,0.0,404.41,200.53,93.58,46.79,80.21,46.79,0.0,0.0
4212650,Pescaria Brava,Criciúma,Tubarão,10190,865,516,163,154,21,10,612,356,24,16,121,71,73,51,55,36,0,0,94,865,349,848.87,506.38,159.96,92.25,600.59,349.36,23.55,15.7,118.74,69.68,71.64,50.05,53.97,35.33,0.0,0.0
4212700,Petrolândia,Blumenau,Ituporanga,6716,602,341,79,77,2,2,521,287,0,0,77,52,127,77,0,0,0,0,46,602,261,896.37,507.74,117.63,68.49,775.76,427.34,0.0,0.0,114.65,77.43,189.1,114.65,0.0,0.0,0.0,0.0
4212908,Pinhalzinho,Chapecó,Chapecó,21972,873,543,117,115,33,22,562,347,27,17,202,133,177,109,11,9,3,1,81,873,330,397.32,247.13,53.25,36.87,255.78,157.93,12.29,7.74,91.94,60.53,80.56,49.61,5.01,4.1,1.37,0.46
4213005,Pinheiro Preto,Caçador,Videira,3473,222,90,36,36,6,3,160,55,4,3,52,29,24,15,0,0,0,0,17,222,132,639.22,259.14,103.66,48.95,460.7,158.36,11.52,8.64,149.73,83.5,69.1,43.19,0.0,0.0,0.0,0.0
4213104,Piratuba,Chapecó,Concórdia,5769,287,154,42,41,23,19,162,71,19,13,72,46,58,35,0,0,0,0,24,287,133,497.49,266.94,72.8,41.6,280.81,123.07,32.93,22.53,124.8,79.74,100.54,60.67,0.0,0.0,0.0,0.0
4213153,Planalto Alegre,Chapecó,Chapecó,2946,183,116,32,29,3,2,138,82,0,0,41,31,1,1,0,0,1,1,15,183,67,621.18,393.75,108.62,50.92,468.43,278.34,0.0,0.0,139.17,105.23,3.39,3.39,0.0,0.0,3.39,3.39
4213203,Pomerode,Blumenau,Blumenau,34289,1398,839,216,204,103,66,525,271,90,66,575,375,265,175,6,4,8,2,124,1398,559,407.71,244.68,62.99,36.16,153.11,79.03,26.25,19.25,167.69,109.36,77.28,51.04,1.75,1.17,2.33,0.58
4213302,Ponte Alta,Lages,Lages,4437,652,384,82,73,23,10,335,193,57,36,221,127,125,92,0,0,0,0,49,652,268,1469.46,865.45,184.81,110.43,755.01,434.98,128.47,81.14,498.08,286.23,281.72,207.35,0.0,0.0,0.0,0.0
4213351,Ponte Alta do Norte,Lages,Curitibanos,3210,215,122,27,26,4,3,200,113,3,3,9,4,45,25,0,0,0,0,17,215,93,669.78,380.06,84.11,52.96,623.05,352.02,9.35,9.35,28.04,12.46,140.19,77.88,0.0,0.0,0.0,0.0
4213401,Ponte Serrada,Chapecó,Xanxerê,10649,2239,1455,337,331,35,16,1561,992,61,44,526,363,246,171,10,7,8,8,237,2239,784,2102.54,1366.33,316.46,222.56,1465.87,931.54,57.28,41.32,493.94,340.88,231.01,160.58,9.39,6.57,7.51,7.51
4213500,Porto Belo,Blumenau,Itajaí,27688,3258,2053,426,405,340,202,1647,987,49,31,1072,752,610,414,54,38,37,14,284,3258,1205,1176.68,741.48,153.86,102.57,594.84,356.47,17.7,11.2,387.17,271.6,220.31,149.52,19.5,13.72,13.36,5.06
4213609,Porto União,Joinville,Mafra,32970,2126,1290,286,277,128,79,921,527,76,63,858,536,421,268,0,0,8,8,179,2126,836,644.83,391.26,86.75,54.29,279.34,159.84,23.05,19.11,260.24,162.57,127.69,81.29,0.0,0.0,2.43,2.43
4213708,Pouso Redondo,Blumenau,Rio do Sul,17123,1833,1070,237,231,39,25,1045,594,102,71,515,300,328,213,12,6,2,1,148,1833,763,1070.49,624.89,138.41,86.43,610.29,346.9,59.57,41.46,300.77,175.2,191.56,124.39,7.01,3.5,1.17,0.58
4213807,Praia Grande,Criciúma,Araranguá,8270,383,233,53,53,17,11,180,113,8,6,173,99,36,28,1,1,0,0,36,383,150,463.12,281.74,64.09,43.53,217.65,136.64,9.67,7.26,209.19,119.71,43.53,33.86,1.21,1.21,0.0,0.0
4213906,Presidente Castello Branco,Chapecó,Concórdia,1689,116,71,17,16,1,0,41,23,17,10,60,38,8,6,0,0,0,0,11,116,45,686.8,420.37,100.65,65.13,242.75,136.18,100.65,59.21,355.24,224.99,47.37,35.52,0.0,0.0,0.0,0.0
4214003,Presidente Getúlio,Blumenau,Ibirama - Presidente Getúlio,20010,1251,805,166,160,74,40,570,353,37,23,446,307,280,204,7,5,0,0,110,1251,446,625.19,402.3,82.96,54.97,284.86,176.41,18.49,11.49,222.89,153.42,139.93,101.95,3.5,2.5,0.0,0.0
4214102,Presidente Nereu,Blumenau,Rio do Sul,2301,280,134,23,21,14,6,206,87,3,1,34,26,50,29,0,0,0,0,12,280,146,1216.86,582.36,99.96,52.15,895.26,378.1,13.04,4.35,147.76,112.99,217.3,126.03,0.0,0.0,0.0,0.0
4214151,Princesa,Chapecó,São Miguel do Oeste,2964,256,153,36,27,0,0,172,103,39,27,49,23,66,47,2,2,0,0,16,256,103,863.7,516.19,121.46,53.98,580.3,347.5,131.58,91.09,165.32,77.6,222.67,158.57,6.75,6.75,0.0,0.0
4214201,Quilombo,Chapecó,Chapecó,11022,577,363,81,78,26,16,381,234,0,0,148,103,111,71,1,0,0,0,48,577,214,523.5,329.34,73.49,43.55,345.67,212.3,0.0,0.0,134.28,93.45,100.71,64.42,0.91,0.0,0.0,0.0
4214300,Rancho Queimado,Florianópolis,Florianópolis,3279,375,184,41,37,17,13,221,72,10,7,114,79,117,66,0,0,0,0,18,375,191,1143.64,561.15,125.04,54.89,673.99,219.58,30.5,21.35,347.67,240.93,356.82,201.28,0.0,0.0,0.0,0.0
4214409,Rio das Antas,Caçador,Videira,6253,414,260,66,61,38,19,243,155,34,27,79,54,67,45,1,1,0,0,37,414,154,662.08,415.8,105.55,59.17,388.61,247.88,54.37,43.18,126.34,86.36,107.15,71.97,1.6,1.6,0.0,0.0
4214508,Rio do Campo,Blumenau,Rio do Sul,6452,416,235,74,65,34,18,193,117,16,9,148,77,41,24,0,0,3,3,43,416,181,644.76,364.23,114.69,66.65,299.13,181.34,24.8,13.95,229.39,119.34,63.55,37.2,0.0,0.0,4.65,4.65
4214607,Rio do Oeste,Blumenau,Rio do Sul,7747,302,208,38,38,14,9,68,38,0,0,205,149,69,45,2,2,8,6,32,302,94,389.83,268.49,49.05,41.31,87.78,49.05,0.0,0.0,264.62,192.33,89.07,58.09,2.58,2.58,10.33,7.74
4214805,Rio do Sul,Blumenau,Rio do Sul,72587,6167,3734,865,823,316,185,3093,1804,235,166,2181,1328,805,524,30,13,205,192,570,6167,2433,849.6,514.42,119.17,78.53,426.11,248.53,32.37,22.87,300.47,182.95,110.9,72.19,4.13,1.79,28.24,26.45
4214706,Rio dos Cedros,Blumenau,Blumenau,10865,650,400,92,89,29,18,432,249,13,3,151,119,62,34,4,2,0,0,60,650,250,598.25,368.15,84.68,55.22,397.61,229.18,11.97,2.76,138.98,109.53,57.06,31.29,3.68,1.84,0.0,0.0
4214904,Rio Fortuna,Criciúma,Tubarão,4847,82,53,10,10,6,5,49,31,0,0,25,15,8,6,0,0,0,0,7,82,29,169.18,109.35,20.63,14.44,101.09,63.96,0.0,0.0,51.58,30.95,16.51,12.38,0.0,0.0,0.0,0.0
4215000,Rio Negrinho,Joinville,São Bento do Sul - Rio Negrinho,39261,4142,2437,567,544,190,109,1925,1074,160,116,1676,1032,649,415,24,17,8,5,344,4142,1705,1054.99,620.72,144.42,87.62,490.31,273.55,40.75,29.55,426.89,262.86,165.3,105.7,6.11,4.33,2.04,1.27
4215059,Rio Rufino,Lages,Lages,2397,177,91,17,16,25,4,112,59,1,1,15,12,15,6,10,10,0,0,10,177,86,738.42,379.64,70.92,41.72,467.25,246.14,4.17,4.17,62.58,50.06,62.58,25.03,41.72,41.72,0.0,0.0
4215075,Riqueza,Chapecó,Chapecó,4768,438,247,59,58,14,8,169,113,21,14,209,102,101,54,0,0,0,0,37,438,191,918.62,518.04,123.74,77.6,354.45,237.0,44.04,29.36,438.34,213.93,211.83,113.26,0.0,0.0,0.0,0.0
4215109,Rodeio,Blumenau,Blumenau,12757,1576,964,202,183,71,32,590,329,132,90,690,453,227,156,24,17,0,0,128,1576,612,1235.4,755.66,158.34,100.34,462.49,257.9,103.47,70.55,540.88,355.1,177.94,122.29,18.81,13.33,0.0,0.0
4215208,Romelândia,Chapecó,São Miguel do Oeste,4823,146,90,19,18,0,0,35,20,8,4,101,66,15,10,0,0,0,0,10,146,56,302.72,186.61,39.39,20.73,72.57,41.47,16.59,8.29,209.41,136.84,31.1,20.73,0.0,0.0,0.0,0.0
4215307,Salete,Blumenau,Rio do Sul,7489,315,180,55,49,16,8,164,92,3,2,132,78,11,8,0,0,0,0,35,315,135,420.62,240.35,73.44,46.74,218.99,122.85,4.01,2.67,176.26,104.15,14.69,10.68,0.0,0.0,0.0,0.0
4215356,Saltinho,Chapecó,Maravilha,3632,118,62,17,16,0,0,84,45,1,0,25,11,8,6,0,0,0,0,7,118,56,324.89,170.7,46.81,19.27,231.28,123.9,2.75,0.0,68.83,30.29,22.03,16.52,0.0,0.0,0.0,0.0
4215406,Salto Veloso,Caçador,Videira,4390,171,116,25,25,4,3,128,86,16,9,22,18,3,0,0,0,0,0,24,171,55,389.52,264.24,56.95,54.67,291.57,195.9,36.45,20.5,50.11,41.0,6.83,0.0,0.0,0.0,0.0,0.0
4215455,Sangão,Criciúma,Tubarão,12882,566,342,84,83,53,33,303,178,50,27,148,89,62,38,0,0,1,0,64,566,224,439.37,265.49,65.21,49.68,235.21,138.18,38.81,20.96,114.89,69.09,48.13,29.5,0.0,0.0,0.78,0.0
4215505,Santa Cecília,Lages,Curitibanos,15546,1218,674,190,171,46,24,859,462,38,31,271,164,68,41,0,0,5,3,116,1218,544,783.48,433.55,122.22,74.62,552.55,297.18,24.44,19.94,174.32,105.49,43.74,26.37,0.0,0.0,3.22,1.93
4215554,Santa Helena,Chapecó,São Miguel do Oeste,2425,207,131,32,30,20,11,69,42,9,7,98,64,29,19,3,3,0,0,18,207,76,853.61,540.21,131.96,74.23,284.54,173.2,37.11,28.87,404.12,263.92,119.59,78.35,12.37,12.37,0.0,0.0
4215604,Santa Rosa de Lima,Criciúma,Tubarão,2088,57,30,12,12,0,0,40,19,0,0,16,10,3,3,0,0,0,0,5,57,27,272.99,143.68,57.47,23.95,191.57,91.0,0.0,0.0,76.63,47.89,14.37,14.37,0.0,0.0,0.0,0.0
4215653,Santa Rosa do Sul,Criciúma,Araranguá,9792,804,496,113,110,16,11,418,245,42,35,298,183,139,96,0,0,0,0,75,804,308,821.08,506.54,115.4,76.59,426.88,250.2,42.89,35.74,304.33,186.89,141.95,98.04,0.0,0.0,0.0,0.0
4215679,Santa Terezinha,Blumenau,Rio do Sul,8066,503,309,61,59,5,5,172,89,9,7,287,191,112,73,0,0,0,0,40,503,194,623.61,383.09,75.63,49.59,213.24,110.34,11.16,8.68,355.81,236.8,138.85,90.5,0.0,0.0,0.0,0.0
4215687,Santa Terezinha do Progresso,Chapecó,Maravilha,2576,90,55,15,15,11,8,66,39,0,0,10,5,3,3,0,0,0,0,13,90,35,349.38,213.51,58.23,50.47,256.21,151.4,0.0,0.0,38.82,19.41,11.65,11.65,0.0,0.0,0.0,0.0
4215695,Santiago do Sul,Chapecó,Chapecó,1651,74,38,7,6,5,3,29,10,0,0,31,18,9,7,0,0,0,0,4,74,36,448.21,230.16,42.4,24.23,175.65,60.57,0.0,0.0,187.76,109.02,54.51,42.4,0.0,0.0,0.0,0.0
4215703,Santo Amaro da Imperatriz,Florianópolis,Florianópolis,27272,3485,2130,446,429,130,87,2018,1210,140,96,980,612,465,299,290,195,24,8,284,3485,1355,1277.87,781.02,163.54,104.14,739.95,443.68,51.33,35.2,359.34,224.41,170.5,109.64,106.34,71.5,8.8,2.93
4215802,São Bento do Sul,Joinville,São Bento do Sul - Rio Negrinho,83277,9319,5601,1351,1265,226,130,6126,3434,311,200,1912,1204,1049,645,13,5,547,525,760,9319,3718,1119.04,672.57,162.23,91.26,735.62,412.36,37.35,24.02,229.6,144.58,125.97,77.45,1.56,0.6,65.68,63.04
4215752,São Bernardino,Chapecó,São Lourenço do Oeste,2684,28,21,4,2,0,0,15,9,0,0,13,12,1,1,0,0,0,0,2,28,7,104.32,78.24,14.9,7.45,55.89,33.53,0.0,0.0,48.44,44.71,3.73,3.73,0.0,0.0,0.0,0.0
4215901,São Bonifácio,Florianópolis,Florianópolis,2946,684,360,93,71,75,43,347,155,40,31,218,133,72,49,1,1,10,4,48,684,324,2321.79,1222.0,315.68,162.93,1177.87,526.14,135.78,105.23,739.99,451.46,244.4,166.33,3.39,3.39,33.94,13.58
4216008,São Carlos,Chapecó,Chapecó,10282,436,275,66,61,108,76,137,66,8,6,170,121,64,37,0,0,0,0,49,436,161,424.04,267.46,64.19,47.66,133.24,64.19,7.78,5.84,165.34,117.68,62.24,35.99,0.0,0.0,0.0,0.0
4216057,São Cristóvão do Sul,Lages,Curitibanos,6084,878,570,124,120,53,29,487,259,3,1,106,63,70,43,9,9,215,211,70,878,308,1443.13,936.88,203.81,115.06,800.46,425.71,4.93,1.64,174.23,103.55,115.06,70.68,14.79,14.79,353.39,346.81
4216107,São Domingos,Chapecó,Xanxerê,9226,340,220,37,35,41,24,81,45,11,11,187,124,74,54,0,0,3,3,26,340,120,368.52,238.46,40.1,28.18,87.8,48.78,11.92,11.92,202.69,134.4,80.21,58.53,0.0,0.0,3.25,3.25
4216206,São Francisco do Sul,Joinville,Joinville,52674,5421,3304,798,752,178,104,2831,1680,220,158,1967,1231,775,483,49,25,108,88,497,5421,2117,1029.16,627.25,151.5,94.35,537.46,318.94,41.77,30.0,373.43,233.7,147.13,91.7,9.3,4.75,20.5,16.71
4216305,São João Batista,Blumenau,Brusque,32687,1596,921,242,225,102,60,897,515,57,49,546,315,208,121,7,0,0,0,141,1596,675,488.27,281.76,74.04,43.14,274.42,157.55,17.44,14.99,167.04,96.37,63.63,37.02,2.14,0.0,0.0,0.0
4216354,São João do Itaperiú,Joinville,Joinville,4463,125,82,25,24,11,7,69,36,11,9,31,27,9,8,0,0,0,0,17,125,43,280.08,183.73,56.02,38.09,154.6,80.66,24.65,20.17,69.46,60.5,20.17,17.93,0.0,0.0,0.0,0.0
4216255,São João do Oeste,Chapecó,São Miguel do Oeste,6295,399,276,49,49,151,116,60,40,12,10,75,42,111,76,0,0,4,4,34,399,123,633.84,438.44,77.84,54.01,95.31,63.54,19.06,15.89,119.14,66.72,176.33,120.73,0.0,0.0,6.35,6.35
4216404,São João do Sul,Criciúma,Araranguá,8668,1266,823,121,118,28,14,988,668,22,13,193,107,329,229,0,0,2,2,83,1266,443,1460.54,949.47,139.59,95.75,1139.82,770.65,25.38,15.0,222.66,123.44,379.56,264.19,0.0,0.0,2.31,2.31
4216503,São Joaquim,Lages,Lages,25939,2290,1336,324,303,238,166,1045,535,109,73,876,544,245,157,3,2,5,4,184,2290,954,882.84,515.05,124.91,70.94,402.87,206.25,42.02,28.14,337.72,209.72,94.45,60.53,1.16,0.77,1.93,1.54
4216602,São José,Florianópolis,Florianópolis,270299,27435,16466,3705,3535,1824,1164,14358,8312,917,656,8943,5539,4262,2672,664,440,186,105,2371,27435,10969,1014.99,609.18,137.07,87.72,531.19,307.51,33.93,24.27,330.86,204.92,157.68,98.85,24.57,16.28,6.88,3.88
4216701,São José do Cedro,Chapecó,São Miguel do Oeste,14167,679,426,101,94,31,18,325,198,8,6,282,182,101,67,16,10,12,12,61,679,253,479.28,300.7,71.29,43.06,229.41,139.76,5.65,4.24,199.05,128.47,71.29,47.29,11.29,7.06,8.47,8.47
4216800,São José do Cerrito,Lages,Lages,8708,1412,954,171,162,242,184,486,288,24,16,365,237,387,292,0,0,0,0,134,1412,458,1621.5,1095.54,196.37,153.88,558.11,330.73,27.56,18.37,419.15,272.16,444.42,335.32,0.0,0.0,0.0,0.0
4216909,São Lourenço do Oeste,Chapecó,São Lourenço do Oeste,24791,1581,963,225,209,180,92,692,432,73,45,559,347,289,194,0,0,2,0,130,1581,618,637.73,388.45,90.76,52.44,279.13,174.26,29.45,18.15,225.49,139.97,116.57,78.25,0.0,0.0,0.81,0.0
4217006,São Ludgero,Criciúma,Tubarão,13509,418,245,52,52,44,23,150,74,0,0,177,119,57,32,0,0,1,1,29,418,173,309.42,181.36,38.49,21.47,111.04,54.78,0.0,0.0,131.02,88.09,42.19,23.69,0.0,0.0,0.74,0.74
4217105,São Martinho,Criciúma,Tubarão,3405,192,111,30,30,10,9,67,38,6,6,109,58,8,2,0,0,0,0,23,192,81,563.88,325.99,88.11,67.55,196.77,111.6,17.62,17.62,320.12,170.34,23.49,5.87,0.0,0.0,0.0,0.0
4217154,São Miguel da Boa Vista,Chapecó,Maravilha,1781,63,28,12,9,14,6,35,17,1,0,0,0,14,5,0,0,0,0,5,63,35,353.73,157.22,67.38,28.07,196.52,95.45,5.61,0.0,0.0,0.0,78.61,28.07,0.0,0.0,0.0,0.0
4217204,São Miguel do Oeste,Chapecó,São Miguel do Oeste,44330,1741,1091,296,263,154,83,947,566,63,41,522,358,168,110,4,2,22,21,179,1741,650,392.74,246.11,66.77,40.38,213.63,127.68,14.21,9.25,117.75,80.76,37.9,24.81,0.9,0.45,4.96,4.74
4217253,São Pedro de Alcântara,Florianópolis,Florianópolis,5776,1132,996,144,141,106,81,129,83,8,4,121,79,52,34,2,2,749,734,115,1132,136,1959.83,1724.38,249.31,199.1,223.34,143.7,13.85,6.93,209.49,136.77,90.03,58.86,3.46,3.46,1296.75,1270.78
4217303,Saudades,Chapecó,Chapecó,10265,483,295,73,68,29,16,272,159,6,5,163,107,48,31,1,1,0,0,51,483,188,470.53,287.38,71.12,49.68,264.98,154.9,5.85,4.87,158.79,104.24,46.76,30.2,0.97,0.97,0.0,0.0
4217402,Schroeder,Joinville,Joinville,20061,1074,607,151,142,52,25,593,319,9,7,364,226,164,77,0,0,0,0,87,1074,467,535.37,302.58,75.27,43.37,295.6,159.02,4.49,3.49,181.45,112.66,81.75,38.38,0.0,0.0,0.0,0.0
4217501,Seara,Chapecó,Concórdia,18620,773,468,106,100,77,52,377,217,26,15,272,161,108,80,0,0,1,1,76,773,305,415.15,251.34,56.93,40.82,202.47,116.54,13.96,8.06,146.08,86.47,58.0,42.96,0.0,0.0,0.54,0.54
4217550,Serra Alta,Chapecó,Chapecó,3303,56,30,8,8,10,5,9,3,0,0,37,22,1,1,0,0,0,0,5,56,26,169.54,90.83,24.22,15.14,27.25,9.08,0.0,0.0,112.02,66.61,3.03,3.03,0.0,0.0,0.0,0.0
4217600,Siderópolis,Criciúma,Criciúma,13714,908,528,149,140,71,45,641,354,39,32,138,85,134,84,0,0,0,0,86,908,380,662.1,385.01,108.65,62.71,467.41,258.13,28.44,23.33,100.63,61.98,97.71,61.25,0.0,0.0,0.0,0.0
4217709,Sombrio,Criciúma,Araranguá,29991,3710,2226,472,443,146,91,1250,656,84,50,2010,1312,967,626,13,7,20,15,282,3710,1484,1237.04,742.22,157.38,94.03,416.79,218.73,28.01,16.67,670.2,437.46,322.43,208.73,4.33,2.33,6.67,5.0
4217758,Sul Brasil,Chapecó,Chapecó,2832,311,249,40,39,1,0,94,54,136,125,32,24,71,69,0,0,0,0,33,311,62,1098.16,879.24,141.24,116.53,331.92,190.68,480.23,441.38,112.99,84.75,250.71,243.64,0.0,0.0,0.0,0.0
4217808,Taió,Blumenau,Rio do Sul,18310,1710,1032,231,214,83,44,835,455,108,70,637,430,297,202,23,15,2,1,142,1710,678,933.92,563.63,126.16,77.55,456.03,248.5,58.98,38.23,347.9,234.84,162.21,110.32,12.56,8.19,1.09,0.55
4217907,Tangará,Caçador,Videira,8143,374,233,50,46,6,4,130,74,0,0,174,111,41,29,48,32,0,0,34,374,141,459.29,286.14,61.4,41.75,159.65,90.88,0.0,0.0,213.68,136.31,50.35,35.61,58.95,39.3,0.0,0.0
4217956,Tigrinhos,Chapecó,Maravilha,2329,41,24,6,4,0,0,23,12,6,5,8,6,4,1,0,0,0,0,3,41,17,176.04,103.05,25.76,12.88,98.75,51.52,25.76,21.47,34.35,25.76,17.17,4.29,0.0,0.0,0.0,0.0
4218004,Tijucas,Blumenau,Itajaí,51592,3837,2452,583,548,265,161,2462,1533,144,101,667,425,300,203,48,32,146,139,369,3837,1385,743.72,475.27,113.0,71.52,477.21,297.14,27.91,19.58,129.28,82.38,58.15,39.35,9.3,6.2,28.3,26.94
4218103,Timbé do Sul,Criciúma,Araranguá,5386,1099,712,133,125,65,31,246,143,19,14,702,493,142,88,0,0,0,0,101,1099,387,2040.48,1321.95,246.94,187.52,456.74,265.5,35.28,25.99,1303.38,915.34,263.65,163.39,0.0,0.0,0.0,0.0
4218202,Timbó,Blumenau,Blumenau,46099,2115,1346,303,292,77,42,943,570,98,59,946,645,447,315,1,0,4,4,198,2115,769,458.8,291.98,65.73,42.95,204.56,123.65,21.26,12.8,205.21,139.92,96.97,68.33,0.22,0.0,0.87,0.87
4218251,Timbó Grande,Caçador,Caçador,7342,424,228,62,60,26,14,349,189,19,17,30,13,21,14,48,20,0,0,25,424,196,577.5,310.54,84.45,34.05,475.35,257.42,25.88,23.15,40.86,17.71,28.6,19.07,65.38,27.24,0.0,0.0
4218301,Três Barras,Joinville,Mafra,19746,1493,938,150,146,34,20,957,625,89,60,333,183,166,102,2,1,43,27,86,1493,555,756.1,475.03,75.96,43.55,484.66,316.52,45.07,30.39,168.64,92.68,84.07,51.66,1.01,0.51,21.78,13.67
4218350,Treviso,Criciúma,Criciúma,3782,171,114,23,23,7,4,96,64,0,0,68,46,18,14,0,0,0,0,18,171,57,452.14,301.43,60.81,47.59,253.83,169.22,0.0,0.0,179.8,121.63,47.59,37.02,0.0,0.0,0.0,0.0
4218400,Treze de Maio,Criciúma,Tubarão,7362,629,402,100,93,29,16,392,249,41,30,132,86,62,41,0,0,9,5,76,629,227,854.39,546.05,135.83,103.23,532.46,338.22,55.69,40.75,179.3,116.82,84.22,55.69,0.0,0.0,12.22,6.79
4218509,Treze Tílias,Chapecó,Joaçaba - Herval d'Oeste,8787,769,478,101,94,16,5,632,393,13,8,91,61,91,58,0,0,0,0,61,769,291,875.16,543.99,114.94,69.42,719.24,447.25,14.79,9.1,103.56,69.42,103.56,66.01,0.0,0.0,0.0,0.0
4218608,Trombudo Central,Blumenau,Rio do Sul,7274,985,567,177,162,86,40,607,333,13,7,272,182,42,31,0,0,0,0,89,985,418,1354.14,779.49,243.33,122.35,834.48,457.79,17.87,9.62,373.93,250.21,57.74,42.62,0.0,0.0,0.0,0.0
4218707,Tubarão,Criciúma,Tubarão,110088,12522,7871,1782,1695,529,337,5352,3136,428,292,4532,2770,1750,1081,263,158,990,951,1139,12522,4651,1137.45,714.97,161.87,103.46,486.16,284.86,38.88,26.52,411.67,251.62,158.96,98.19,23.89,14.35,89.93,86.39
4218756,Tunápolis,Chapecó,São Miguel do Oeste,4916,199,112,31,30,5,2,125,70,9,6,48,29,18,9,0,0,0,0,17,199,87,404.8,227.83,63.06,34.58,254.27,142.39,18.31,12.21,97.64,58.99,36.62,18.31,0.0,0.0,0.0,0.0
4218806,Turvo,Criciúma,Araranguá,13043,1096,687,152,145,59,42,542,322,36,26,352,222,129,88,57,40,0,0,99,1096,409,840.3,526.72,116.54,75.9,415.55,246.88,27.6,19.93,269.88,170.21,98.9,67.47,43.7,30.67,0.0,0.0
4218855,União do Oeste,Chapecó,Chapecó,2774,129,88,24,21,5,3,57,42,7,6,67,43,18,18,0,0,0,0,15,129,41,465.03,317.23,86.52,54.07,205.48,151.41,25.23,21.63,241.53,155.01,64.89,64.89,0.0,0.0,0.0,0.0
4218905,Urubici,Lages,Lages,10834,800,509,131,119,41,22,443,270,117,72,234,176,110,72,0,0,0,0,82,800,291,738.42,469.82,120.92,75.69,408.9,249.22,107.99,66.46,215.99,162.45,101.53,66.46,0.0,0.0,0.0,0.0
4218954,Urupema,Lages,Lages,2656,207,123,26,23,2,1,51,25,10,7,89,54,79,53,0,0,2,1,17,207,84,779.37,463.1,97.89,64.01,192.02,94.13,37.65,26.36,335.09,203.31,297.44,199.55,0.0,0.0,7.53,3.77
4219002,Urussanga,Criciúma,Criciúma,20919,1888,1119,257,251,79,43,575,359,66,38,1138,659,443,286,0,0,0,0,159,1888,769,902.53,534.92,122.85,76.01,274.87,171.61,31.55,18.17,544.0,315.02,211.77,136.72,0.0,0.0,0.0,0.0
4219101,Vargeão,Chapecó,Xanxerê,3634,164,105,26,26,8,4,86,49,0,0,66,50,4,2,0,0,0,0,25,164,59,451.29,288.94,71.55,68.79,236.65,134.84,0.0,0.0,181.62,137.59,11.01,5.5,0.0,0.0,0.0,0.0
4219150,Vargem,Chapecó,Joaçaba - Herval d'Oeste,2627,203,111,22,22,33,15,63,36,0,0,77,45,37,19,0,0,0,0,17,203,92,772.74,422.54,83.75,64.71,239.82,137.04,0.0,0.0,293.11,171.3,140.85,72.33,0.0,0.0,0.0,0.0
4219176,Vargem Bonita,Chapecó,Joaçaba - Herval d'Oeste,4576,365,209,40,35,8,4,191,101,11,9,160,98,54,30,0,0,0,0,27,365,156,797.64,456.73,87.41,59.0,417.4,220.72,24.04,19.67,349.65,214.16,118.01,65.56,0.0,0.0,0.0,0.0
4219200,Vidal Ramos,Blumenau,Ituporanga,6189,234,142,41,39,20,7,102,62,19,11,111,73,1,0,0,0,0,0,25,234,92,378.09,229.44,66.25,40.39,164.81,100.18,30.7,17.77,179.35,117.95,1.62,0.0,0.0,0.0,0.0,0.0
4219309,Videira,Caçador,Videira,55466,3862,2407,547,527,107,71,2394,1423,206,147,1006,645,531,367,16,10,42,41,344,3862,1455,696.28,433.96,98.62,62.02,431.62,256.55,37.14,26.5,181.37,116.29,95.73,66.17,2.88,1.8,7.57,7.39
4219358,Vitor Meireles,Blumenau,Ibirama - Presidente Getúlio,5370,569,303,71,59,102,57,311,154,0,0,98,50,72,49,0,0,0,0,36,569,266,1059.59,564.25,132.22,67.04,579.14,286.78,0.0,0.0,182.5,93.11,134.08,91.25,0.0,0.0,0.0,0.0
4219408,Witmarsum,Blumenau,Ibirama - Presidente Getúlio,4255,228,129,31,29,24,16,138,71,7,7,30,15,42,28,0,0,0,0,13,228,99,535.84,303.17,72.86,30.55,324.32,166.86,16.45,16.45,70.51,35.25,98.71,65.8,0.0,0.0,0.0,0.0
4219507,Xanxerê,Chapecó,Xanxerê,51607,3890,2375,591,568,193,124,2327,1369,143,97,1013,653,475,309,6,1,18,11,412,3890,1515,753.77,460.21,114.52,79.83,450.91,265.27,27.71,18.8,196.29,126.53,92.04,59.88,1.16,0.19,3.49,2.13
4219606,Xavantina,Chapecó,Xanxerê,3653,94,51,11,11,1,1,68,37,21,12,23,13,12,6,0,0,0,0,9,94,43,257.32,139.61,30.11,24.64,186.15,101.29,57.49,32.85,62.96,35.59,32.85,16.42,0.0,0.0,0.0,0.0
4219705,Xaxim,Chapecó,Chapecó,31918,1392,883,196,195,51,38,578,363,68,46,624,395,225,141,1,0,3,3,123,1392,509,436.12,276.65,61.41,38.54,181.09,113.73,21.3,14.41,195.5,123.75,70.49,44.18,0.31,0.0,0.94,0.94
4219853,Zortéa,Chapecó,Joaçaba - Herval d'Oeste,3930,392,241,58,56,24,10,184,114,13,11,162,99,90,66,0,0,0,0,28,392,151,997.46,613.23,147.58,71.25,468.19,290.08,33.08,27.99,412.21,251.91,229.01,167.94,0.0,0.0,0.0,0.0
